sample_id,Tn_num,ICE_num,phage_num,island_num
AH1_18_1,3,11,47,20
AH1_20_1,4,10,43,17
AH1_20_2,3,11,59,17
AH1_21_1,3,10,59,18
AH1_21_2,4,10,60,17
AH1_21_3,4,10,60,16
AH1_21_4,3,10,60,18
AH1_21_5,3,10,60,17
AH1_21_6,0,2,13,12
AH1_21_7,4,10,46,12
AH1_21_8,1,6,10,18
AH1_22_1,1,4,12,20
AH1_22_2,3,10,47,19
AH1_22_3,3,12,58,19
AH1_22_4,0,2,22,14
AH1_22_5,3,10,47,19
AH1_22_6,0,3,28,16
AH10_12_1,2,7,26,16
AH10_12_3,2,7,26,19
AH10_12_4,2,13,40,21
AH10_14_1,3,11,43,17
AH10_14_2,3,13,36,20
AH10_14_3,4,10,42,16
AH10_14_4,5,13,43,21
AH10_14_5,0,2,9,14
AH10_14_6,6,13,50,22
AH10_14_7,3,10,42,17
AH10_14_8,4,10,42,17
AH10_14_9,5,13,43,18
AH10_15_1,3,10,46,21
AH10_15_10,4,13,41,25
AH10_15_11,4,13,22,17
AH10_15_12,3,10,41,17
AH10_15_13,3,10,47,18
AH10_15_14,3,10,41,17
AH10_15_2,4,10,36,20
AH10_15_4,4,10,41,17
AH10_15_5,4,10,41,18
AH10_15_6,4,10,41,17
AH10_15_7,4,10,41,17
AH10_15_8,3,10,41,16
AH10_15_9,3,8,47,19
AH10_16_1,3,10,41,16
AH10_16_10,5,13,22,17
AH10_16_11,3,10,41,18
AH10_16_12,4,10,41,17
AH10_16_13,4,10,47,21
AH10_16_14,4,10,47,19
AH10_16_15,4,10,41,18
AH10_16_16,3,11,47,22
AH10_16_17,4,10,63,20
AH10_16_18,3,10,47,16
AH10_16_2,3,10,41,15
AH10_16_3,3,10,41,15
AH10_16_4,3,10,41,19
AH10_16_5,3,10,41,17
AH10_16_6,3,10,41,17
AH10_16_7,3,10,41,16
AH10_16_8,3,10,41,16
AH10_16_9,3,10,41,17
AH10_17_1,4,10,41,17
AH10_17_2,2,7,38,11
AH10_17_3,4,10,36,20
AH10_17_4,2,13,40,22
AH10_17_5,4,10,36,19
AH10_17_6,4,10,47,19
AH10_17_7,4,10,47,18
AH10_18_1,4,10,20,12
AH10_18_10,3,6,57,13
AH10_18_11,3,7,58,12
AH10_18_12,3,7,57,11
AH10_18_13,3,6,58,14
AH10_18_14,3,6,58,13
AH10_18_15,3,10,57,18
AH10_18_16,3,7,58,14
AH10_18_17,3,7,35,11
AH10_18_18,3,6,46,11
AH10_18_2,4,13,43,23
AH10_18_3,0,3,2,21
AH10_18_4,3,6,48,13
AH10_18_5,4,10,58,18
AH10_18_6,4,10,58,17
AH10_18_7,4,10,37,16
AH10_18_8,1,7,35,15
AH10_18_9,6,12,63,24
AH10_19_1,3,10,46,20
AH10_19_10,4,13,58,21
AH10_19_11,4,13,59,21
AH10_19_12,4,10,59,16
AH10_19_13,4,9,36,18
AH10_19_14,4,12,51,20
AH10_19_15,0,3,22,20
AH10_19_16,4,10,59,16
AH10_19_2,3,11,51,17
AH10_19_3,2,13,49,20
AH10_19_4,4,10,37,17
AH10_19_5,3,12,59,20
AH10_19_6,4,10,37,16
AH10_19_7,4,12,58,22
AH10_19_8,3,9,59,18
AH10_19_9,1,5,16,18
AH10_20_1,4,10,59,17
AH10_20_2,1,3,16,19
AH10_20_3,0,4,10,11
AH10_20_4,3,12,61,18
AH10_20_5,3,6,46,15
AH10_21_1,3,12,63,18
AH10_21_10,4,10,49,16
AH10_21_11,4,13,63,20
AH10_21_12,4,13,63,20
AH10_21_13,4,10,49,20
AH10_21_14,4,10,37,20
AH10_21_15,3,11,40,15
AH10_21_16,0,3,35,17
AH10_21_2,3,10,46,20
AH10_21_3,2,7,38,13
AH10_21_4,3,12,63,18
AH10_21_5,3,10,36,17
AH10_21_6,3,10,60,17
AH10_21_7,3,10,47,19
AH10_21_8,0,3,7,13
AH10_21_9,0,4,12,19
AH10_22_1,0,2,21,12
AH10_22_2,0,3,16,16
AH10_22_3,3,10,56,18
AH10_22_4,4,10,44,16
AH10_22_5,3,10,47,17
AH10_22_6,0,3,22,18
AH10_22_7,4,10,47,18
AH11_18_1,5,10,59,20
AH11_18_2,4,10,47,18
AH11_19_1,2,10,59,17
AH11_20_1,0,2,26,12
AH11_21_1,3,13,49,19
AH11_22_1,3,13,50,18
AH12_22_1,2,10,44,18
AH2_16_1,3,13,40,16
AH3_15_1,2,13,44,20
AH3_16_1,3,12,43,21
AH3_16_2,3,10,45,17
AH3_17_1,4,10,45,17
AH3_17_2,1,6,40,24
AH4_14_1,4,10,41,16
AH4_14_2,0,2,18,7
AH4_14_3,4,10,41,15
AH4_14_4,4,10,41,15
AH4_14_5,0,4,27,19
AH4_17_1,3,10,19,17
AH4_17_2,4,10,41,17
AH4_17_3,3,7,41,16
AH4_18_1,2,8,51,20
AH4_19_1,2,6,47,16
AH4_19_2,3,6,46,17
AH4_20_1,3,10,41,17
AH4_20_2,5,12,44,18
AH4_20_3,3,9,41,15
AH4_21_1,2,7,45,17
AH4_21_2,0,3,30,16
AH4_21_3,0,2,13,8
AH5_14_1,3,10,29,17
AH5_14_10,3,9,41,17
AH5_14_11,4,10,41,16
AH5_14_12,1,6,26,15
AH5_14_13,3,13,48,20
AH5_14_14,0,3,2,17
AH5_14_2,4,10,41,16
AH5_14_3,3,9,41,17
AH5_14_4,3,9,41,17
AH5_14_5,3,9,41,17
AH5_14_6,3,9,41,16
AH5_14_7,4,10,41,15
AH5_14_8,3,9,41,17
AH5_15_1,3,10,41,17
AH5_15_2,3,10,41,18
AH5_15_3,3,10,41,17
AH5_15_4,4,10,41,17
AH5_15_5,3,10,41,18
AH5_16_1,4,10,41,17
AH5_16_10,2,7,41,16
AH5_16_11,5,13,26,20
AH5_16_2,3,10,39,16
AH5_16_3,4,10,41,16
AH5_16_4,3,11,29,21
AH5_16_5,3,10,41,18
AH5_16_6,2,6,18,14
AH5_16_7,0,2,16,13
AH5_16_8,4,10,47,20
AH5_16_9,4,10,47,20
AH5_17_1,1,10,26,18
AH5_17_10,4,10,40,18
AH5_17_2,4,10,48,19
AH5_17_3,3,11,47,17
AH5_17_4,3,10,19,18
AH5_17_5,3,10,36,16
AH5_17_6,3,10,58,17
AH5_17_7,3,10,27,15
AH5_17_9,3,11,46,16
AH5_18_1,0,2,12,14
AH5_18_2,4,14,43,26
AH5_18_3,0,2,13,15
AH5_18_4,4,10,51,16
AH5_18_5,3,10,46,19
AH5_18_6,4,12,62,18
AH5_19_1,4,13,44,22
AH5_19_2,4,10,59,18
AH5_19_3,4,10,59,18
AH5_19_4,4,10,40,17
AH5_19_5,0,4,9,19
AH5_19_6,3,10,41,17
AH5_20_1,3,10,48,12
AH5_20_10,4,12,45,10
AH5_20_11,0,4,28,21
AH5_20_12,0,3,29,21
AH5_20_13,4,10,42,18
AH5_20_14,4,10,57,17
AH5_20_2,3,10,48,13
AH5_20_3,3,6,46,17
AH5_20_4,3,8,20,23
AH5_20_5,4,10,41,18
AH5_20_6,4,10,41,16
AH5_20_7,4,10,36,20
AH5_20_8,0,5,25,20
AH5_20_9,3,10,60,17
AH5_21_1,0,3,29,16
AH5_21_10,3,10,46,18
AH5_21_11,3,10,38,16
AH5_21_12,3,10,47,19
AH5_21_13,4,10,47,16
AH5_21_14,0,3,20,18
AH5_21_15,0,3,22,22
AH5_21_2,0,3,50,15
AH5_21_3,3,10,37,11
AH5_21_4,3,10,41,18
AH5_21_5,2,6,46,17
AH5_21_6,3,10,43,16
AH5_21_7,3,10,47,19
AH5_21_8,3,10,46,16
AH5_21_9,3,6,44,17
AH5_22_1,4,10,47,18
AH5_22_2,3,5,45,18
AH5_22_3,5,13,51,20
AH6_16_1,1,4,39,19
AH6_21_1,1,4,16,21
AH7_15_2,3,11,47,18
AH7_15_3,1,3,33,20
AH7_15_4,3,11,47,20
AH7_15_5,3,11,48,22
AH7_15_6,2,7,41,18
AH7_16_1,3,7,47,21
AH7_16_2,3,11,47,21
AH7_16_3,1,3,40,18
AH7_16_4,3,11,47,21
AH7_16_5,0,3,25,16
AH7_16_6,1,4,39,20
AH7_16_7,3,11,47,21
AH7_16_8,3,6,26,32
AH7_16_9,4,10,47,21
AH7_17_1,0,3,44,14
AH7_17_2,3,10,25,22
AH7_17_3,3,10,19,18
AH7_17_4,0,3,17,21
AH7_19_1,3,10,26,12
AH7_19_2,3,11,51,16
AH7_19_3,3,10,51,15
AH7_19_4,0,4,10,17
AH7_19_5,0,3,41,18
AH7_19_6,3,10,47,18
AH7_19_7,3,11,51,17
AH7_20_1,3,10,60,18
AH7_20_2,4,10,37,18
AH7_20_3,0,2,17,9
AH7_21_1,0,3,21,14
AH7_21_2,0,3,2,11
AH7_21_3,3,11,40,13
AH7_21_4,3,11,64,18
AH7_22_1,3,11,40,14
AH7_22_2,4,11,40,18
AH7_22_3,4,10,46,19
AH7_22_4,4,10,37,20
AH7_22_5,4,11,40,14
AH7_22_6,0,5,24,18
AH8_18_1,0,6,29,19
AH8_18_2,5,10,37,21
AH8_19_1,5,9,37,22
AH8_20_1,3,6,37,17
AH8_20_2,0,2,14,9
AH8_21_1,4,10,37,19
AH8_21_2,4,10,38,17
AH8_21_3,0,2,29,16
AH8_21_4,3,7,37,19
AH8_22_1,4,10,37,21
AH9_15_2,2,8,42,18
AH9_15_3,2,8,42,18
AH9_16_1,0,3,17,21
AH9_16_10,3,6,47,17
AH9_16_11,3,7,47,19
AH9_16_2,4,13,41,23
AH9_16_3,3,13,35,20
AH9_16_4,4,13,44,22
AH9_16_5,3,6,47,17
AH9_16_6,4,13,40,23
AH9_16_7,3,6,45,13
AH9_16_8,2,7,46,15
AH9_16_9,2,10,46,17
AH9_18_1,3,12,35,16
AH9_18_3,4,13,42,21
AH9_18_4,3,12,41,18
AH9_19_1,4,12,41,20
AH9_19_2,0,3,0,8
AH9_19_3,5,13,64,21
AH9_19_4,3,13,36,24
AH9_19_5,3,12,62,17
AH9_19_6,4,12,25,15
AH9_19_7,0,3,37,16
AH9_19_8,3,10,41,17
AH9_19_9,0,2,7,12
AH9_20_1,4,10,47,19
AH9_20_2,1,3,3,17
AH9_20_3,3,13,39,20
AH9_21_1,3,10,48,18
AH9_21_10,3,10,45,15
AH9_21_2,3,10,41,16
AH9_21_4,2,7,41,20
AH9_21_5,3,13,27,21
AH9_21_6,0,4,47,13
AH9_21_7,3,13,39,17
AH9_21_8,3,11,40,30
AH9_21_9,2,10,49,23
AH9_22_1,4,13,59,23
BJ_11_1,3,10,31,16
BJ_11_2,0,2,23,21
BJ_12_1,2,10,39,17
BJ_12_2,4,10,44,16
BJ_12_3,3,10,41,15
BJ_12_4,4,13,43,23
BJ_12_5,4,10,44,12
BJ_12_6,2,9,38,13
FJ1_14_1,0,3,41,19
FJ1_14_2,0,2,28,14
FJ1_16_1,0,3,5,16
FJ1_16_2,4,10,46,16
FJ1_16_3,0,3,26,19
FJ1_16_4,4,10,46,15
FJ1_16_5,4,10,46,15
FJ1_16_6,0,3,23,17
FJ1_17_1,4,10,46,15
FJ1_17_2,4,10,46,15
FJ1_18_1,0,2,8,7
FJ1_18_2,0,3,16,14
FJ1_18_3,0,3,16,14
FJ1_19_1,0,2,7,13
FJ1_20_1,0,2,30,15
FJ1_21_1,0,2,12,7
FJ1_22_1,3,12,48,18
FJ2_19_1,0,3,12,16
FJ2_19_2,0,2,15,17
FJ2_19_3,0,2,33,17
FJ2_19_4,1,3,6,17
FJ2_22_1,3,12,49,25
FJ2_22_2,3,13,49,24
FJ2_22_3,0,2,19,9
FJ2_22_4,4,10,43,19
FJ3_20_1,0,2,20,7
FJ3_20_2,0,2,24,13
FJ3_21_1,3,6,44,17
FJ3_21_2,0,3,40,19
FJ3_22_1,4,13,60,17
GD_11_1,3,12,32,22
GD_11_2,4,10,14,25
GD_11_3,5,13,43,20
GD_11_4,5,13,43,21
GD_12_1,4,10,47,15
GD_12_2,3,10,39,21
GD_12_3,4,11,47,19
GD_12_4,4,10,47,17
GD_12_6,4,10,47,17
GD_12_7,3,9,38,21
GS1_11_1,3,12,44,20
GS1_11_2,4,10,41,17
GS1_11_3,4,13,27,21
GS1_11_4,4,10,42,16
GS1_11_5,4,13,27,24
GS1_12_1,3,12,32,23
GS2_14_1,4,13,45,25
GS2_16_1,3,11,41,20
GS2_17_1,3,13,56,19
GS2_17_2,0,3,21,18
GS2_18_1,4,10,43,19
GS2_19_1,0,2,28,8
GS2_19_2,4,10,41,16
GS2_19_3,4,10,40,16
GS2_19_4,2,13,45,20
GS2_21_1,5,9,45,15
GS3_20_1,2,13,45,25
GS3_22_1,4,8,41,14
GS3_22_2,3,8,41,13
GS4_21_1,3,13,51,20
GS4_21_2,3,12,45,18
GS4_21_3,4,10,47,16
GS4_21_4,3,12,45,20
GX_11_1,5,14,45,18
GX_12_1,4,14,45,17
GX_12_2,5,14,48,19
HAN_20_1,1,3,6,17
HAN_20_3,0,4,6,20
HB_12_1,3,10,42,19
HB_12_2,1,3,25,17
HLJ1_11_1,4,12,23,21
HLJ1_11_2,1,4,16,17
HLJ1_11_3,6,12,23,21
HLJ1_11_4,4,12,23,23
HLJ1_11_5,5,11,25,13
HLJ1_11_6,4,12,23,25
HLJ1_11_7,4,13,34,25
HLJ1_11_8,3,10,41,24
HLJ1_12_1,6,13,51,22
HLJ1_12_2,5,13,43,16
HLJ1_12_3,4,12,32,23
HLJ1_12_4,4,13,35,23
HLJ1_12_5,4,10,45,16
HLJ1_12_6,3,12,30,13
HLJ1_12_7,5,13,44,16
HLJ1_12_8,4,10,47,18
HLJ1_12_9,2,11,54,31
HLJ2_18_1,4,10,41,17
HLJ2_18_2,4,10,41,16
HLJ2_19_1,4,10,42,16
HLJ2_19_2,4,10,42,16
HLJ2_19_3,4,10,42,18
HLJ2_19_4,0,3,2,8
HLJ2_20_1,0,3,28,17
HLJ2_20_2,2,4,17,26
HLJ2_21_3,0,3,19,25
HN1_14_1,5,12,53,20
HN1_14_2,0,3,33,19
HN1_15_1,2,9,42,16
HN1_15_2,2,9,42,18
HN1_15_3,2,9,42,17
HN1_15_4,2,9,42,16
HN1_16_1,1,9,42,15
HN1_16_2,1,9,42,16
HN1_16_3,2,9,42,17
HN1_16_4,4,10,41,16
HN1_16_5,0,2,23,14
HN1_17_1,1,9,39,18
HN1_17_2,1,9,42,20
HN1_18_1,3,13,36,21
HN1_18_2,4,13,36,23
HN1_19_1,3,8,47,17
HN1_19_2,3,13,36,21
HN1_19_3,3,13,46,24
HN1_19_4,0,3,51,18
HN1_21_1,0,3,3,23
HN1_21_2,3,6,51,18
HN1_22_1,3,6,51,18
HN1_22_10,3,9,40,16
HN1_22_11,3,6,47,16
HN1_22_12,3,12,36,25
HN1_22_13,3,6,50,18
HN1_22_14,0,3,12,23
HN1_22_2,3,6,51,18
HN1_22_3,3,6,51,18
HN1_22_4,3,6,51,16
HN1_22_5,3,6,51,16
HN1_22_6,3,6,50,17
HN1_22_7,4,7,43,14
HN1_22_8,4,8,44,15
HN1_22_9,4,8,44,15
HN2_19_1,4,12,53,18
HN2_20_1,4,10,46,16
HN2_20_2,0,3,17,8
HN2_20_3,3,13,49,21
HN3_20_1,0,3,0,15
HN3_21_1,2,9,44,18
HN4_11_1,5,10,45,22
HN4_11_2,5,10,45,21
HN4_11_4,5,10,45,19
HN4_11_5,3,12,40,18
HN4_11_6,5,10,44,19
HN4_11_7,3,13,41,17
HN4_11_8,3,13,41,21
HN4_12_1,4,12,50,20
HN4_12_2,4,13,42,24
HN4_12_3,4,12,45,21
HN4_12_4,4,13,44,22
HN4_12_5,5,10,39,26
HUB1_16_1,3,10,47,20
HUB1_16_10,0,3,26,21
HUB1_16_11,3,13,49,15
HUB1_16_2,4,10,45,18
HUB1_16_3,4,10,45,18
HUB1_16_4,4,10,45,18
HUB1_16_5,3,10,45,19
HUB1_16_6,3,10,45,19
HUB1_16_7,3,10,45,19
HUB1_16_8,3,10,45,18
HUB1_16_9,0,2,16,12
HUB1_17_1,4,10,50,18
HUB1_17_2,0,3,39,18
HUB1_18_1,3,13,37,18
HUB1_18_2,0,3,35,23
HUB1_18_3,1,4,5,21
HUB1_19_1,4,10,54,16
HUB1_20_1,4,10,45,19
HUB1_20_2,0,2,10,13
HUB1_20_3,0,3,20,16
HUB1_22_1,3,13,59,18
HUB1_22_2,0,3,5,14
HUB1_22_3,3,10,61,15
HUB1_22_4,3,13,36,22
HUB1_22_5,3,13,36,22
HUB2_18_1,3,10,45,19
HUB2_19_1,0,3,44,21
HUB2_21_1,3,13,57,26
HUB2_22_1,0,3,12,16
HUB3_19_1,4,10,26,16
HUB3_19_2,4,13,28,19
HUB3_19_3,0,2,27,12
HUB3_19_4,0,4,8,16
HUB3_20_1,3,13,46,21
HUB3_20_2,4,13,27,20
HUB3_20_3,0,3,16,12
HUB3_21_1,3,13,36,10
HUB3_21_10,3,6,51,18
HUB3_21_2,0,4,17,17
HUB3_21_3,4,13,28,19
HUB3_21_4,3,10,58,69
HUB3_21_5,0,4,30,108
HUB3_21_6,0,2,23,8
HUB3_21_7,0,4,43,29
HUB3_21_8,3,13,57,17
HUB3_21_9,0,2,12,14
HUB3_22_1,3,13,49,17
HUB3_22_2,3,10,50,18
HUB3_22_3,4,10,20,14
HUB3_22_4,5,13,36,19
HUB3_22_5,4,10,56,17
HUB4_20_1,4,12,59,19
HUB4_20_2,0,3,12,18
HUB5_18_1,0,3,4,8
HUB5_19_1,0,5,22,16
HUB5_19_2,4,10,59,17
HUB5_19_3,0,3,3,11
HUB5_19_4,0,3,37,16
HUB5_20_1,0,3,29,24
HUB5_20_2,4,13,45,22
HUB5_21_1,4,9,38,24
HUB5_21_2,3,13,47,21
HUB5_21_3,0,2,20,10
HUB5_21_4,0,5,29,19
HUB6_11_1,2,10,41,15
HUB6_11_2,3,10,45,22
HUB6_11_3,4,12,35,17
HUB6_12_1,4,10,41,21
HUB6_12_2,4,12,22,22
HUB7_22_1,5,12,46,18
HUB7_22_2,5,10,59,13
HUB7_22_3,0,2,11,7
HUB7_22_4,0,3,16,17
HUN1_18_1,4,10,47,20
HUN1_18_3,1,10,21,24
HUN1_18_4,4,10,46,15
HUN1_18_5,4,10,46,14
HUN1_18_6,0,3,27,18
HUN1_18_7,4,10,46,17
HUN2_11_1,4,13,39,23
HUN2_11_2,3,12,43,23
HUN2_11_3,7,13,45,21
HUN2_11_4,2,12,39,21
HUN2_12_1,4,11,47,16
HUN2_12_2,3,13,39,23
HUN2_12_3,4,10,47,16
JS1_14_1,3,8,41,16
JS1_14_2,4,12,53,17
JS1_14_3,3,8,41,16
JS1_14_4,2,7,42,17
JS1_15_1,0,4,33,21
JS1_15_2,2,8,42,16
JS1_15_3,3,10,42,17
JS1_15_4,3,12,43,14
JS1_16_1,3,9,27,19
JS1_16_2,2,9,42,17
JS1_16_3,3,9,43,13
JS1_16_4,4,9,47,18
JS1_17_1,4,9,47,15
JS1_17_2,3,9,43,18
JS1_17_3,2,12,43,17
JS1_17_4,5,12,40,15
JS1_18_1,3,10,40,16
JS1_18_2,0,4,8,14
JS1_18_3,3,10,19,15
JS1_18_4,4,9,42,17
JS1_18_5,3,10,22,15
JS1_19_1,4,9,47,17
JS1_19_10,0,5,22,22
JS1_19_2,3,10,40,16
JS1_19_3,4,11,40,12
JS1_19_4,3,13,35,15
JS1_19_5,3,10,37,17
JS1_19_6,3,10,37,21
JS1_19_7,3,13,35,12
JS1_19_8,3,10,40,16
JS1_19_9,0,3,22,18
JS1_20_1,1,3,13,14
JS1_20_2,3,10,45,16
JS1_20_3,3,11,46,16
JS1_20_4,3,13,36,14
JS1_20_5,3,9,41,15
JS1_20_6,4,12,35,13
JS1_20_7,3,10,40,16
JS1_20_8,0,2,19,11
JS1_21_1,3,10,37,20
JS1_21_10,4,9,46,18
JS1_21_11,2,7,30,69
JS1_21_12,0,3,19,17
JS1_21_13,3,8,45,15
JS1_21_14,0,4,44,22
JS1_21_15,4,12,40,15
JS1_21_16,4,12,40,14
JS1_21_17,3,9,28,15
JS1_21_18,5,12,40,13
JS1_21_19,6,13,45,18
JS1_21_2,6,12,44,16
JS1_21_20,2,13,45,18
JS1_21_21,3,12,43,21
JS1_21_22,3,13,44,21
JS1_21_3,6,13,43,65
JS1_21_4,0,2,22,14
JS1_21_5,0,2,18,17
JS1_21_6,6,13,44,17
JS1_21_7,3,9,42,23
JS1_21_8,2,8,42,14
JS1_21_9,2,13,45,24
JS1_22_1,4,9,46,20
JS1_22_10,2,5,50,20
JS1_22_11,2,6,47,18
JS1_22_12,3,9,47,20
JS1_22_13,5,13,44,14
JS1_22_14,4,10,31,16
JS1_22_15,4,9,47,19
JS1_22_16,6,13,43,17
JS1_22_17,0,3,5,11
JS1_22_18,3,10,36,17
JS1_22_19,3,7,58,20
JS1_22_2,3,7,47,16
JS1_22_20,3,6,47,17
JS1_22_21,4,13,42,21
JS1_22_22,6,13,41,21
JS1_22_23,3,6,56,19
JS1_22_24,1,4,36,18
JS1_22_25,0,2,26,9
JS1_22_3,4,9,47,18
JS1_22_4,4,9,44,18
JS1_22_5,2,6,47,18
JS1_22_6,3,7,47,18
JS1_22_7,3,6,30,17
JS1_22_8,2,5,51,19
JS1_22_9,2,5,50,16
JS2_15_1,0,3,42,15
JS2_15_2,0,3,7,18
JS3_22_1,3,10,41,21
JS3_22_2,3,10,41,18
JS3_22_3,4,10,47,19
JS3_22_4,3,11,43,17
JS3_22_5,4,5,38,19
JS3_22_6,3,10,41,18
JS3_22_7,3,7,48,18
JS3_22_8,3,10,41,20
JX1_14_1,0,3,0,20
JX1_17_1,2,8,46,15
JX1_17_2,2,7,38,15
JX1_17_3,2,9,39,26
JX1_18_1,3,8,45,18
JX1_20_1,3,13,46,24
JX1_21_1,1,3,14,15
JX1_21_2,0,2,28,16
JX1_21_3,4,12,40,16
JX1_22_1,4,12,60,17
JX1_22_2,3,13,43,24
JX1_22_3,4,9,63,16
JX2_21_1,4,12,44,19
JX2_21_2,4,11,26,14
JX2_21_3,2,7,41,33
JX2_21_4,2,7,57,59
JX2_21_5,2,7,41,17
JX2_21_7,2,12,49,22
JX2_21_8,3,10,19,15
JX2_22_1,3,13,73,18
JX2_22_2,3,10,51,15
JX2_22_3,4,10,19,15
JX2_22_4,2,10,19,14
JX3_18_1,2,9,46,16
JX3_18_2,0,3,20,15
JX3_19_1,4,9,47,15
JX3_19_2,4,10,48,15
JX3_19_3,3,13,48,23
JX3_19_4,0,3,1,18
JX3_20_1,0,2,39,14
JX3_20_2,4,10,49,22
JX3_20_3,5,10,49,22
JX3_20_4,0,3,1,18
JX3_20_5,4,11,48,16
JX3_20_6,5,10,45,21
JX4_20_1,2,12,50,18
JX4_20_2,3,5,13,11
JX4_20_3,3,5,15,11
JX5_20_1,3,12,47,25
JX5_20_3,3,10,47,19
JX5_20_5,3,10,47,20
JX5_20_6,3,10,47,20
JX5_20_7,3,10,57,18
JX5_21_1,3,10,51,18
JX5_21_2,3,10,57,16
JX5_21_3,3,10,57,17
JX5_21_4,4,10,51,20
JX5_21_5,4,10,59,18
JX5_21_6,4,10,59,16
JX5_21_7,4,10,48,17
JX5_21_8,4,10,49,16
JX5_21_9,4,10,48,19
LN1_19_1,3,7,42,15
LN1_19_2,3,9,44,16
LN1_19_3,3,9,47,17
LN1_20_1,4,10,45,16
LN1_20_2,4,12,43,13
LN1_20_3,3,9,62,15
LN1_20_4,4,10,40,17
LN1_20_5,2,6,44,16
LN1_20_6,0,3,23,25
LN1_20_7,3,6,44,16
LN1_20_8,4,9,65,16
LN1_20_9,4,10,44,19
LN1_21_1,3,9,65,15
LN1_21_2,0,4,30,16
LN1_21_3,0,3,34,14
LN1_21_4,0,3,2,16
LN1_21_5,4,12,65,20
LN1_21_6,3,6,42,15
LN1_22_1,3,9,65,15
LN1_22_2,2,7,43,18
LN1_22_3,3,10,44,18
LN1_22_4,3,9,64,14
LN1_22_5,4,9,61,16
LN1_22_6,4,9,47,19
LN2_11_1,4,13,44,24
LN2_11_2,4,10,42,18
LN2_11_3,4,10,43,18
LN2_12_1,4,8,36,13
LN2_12_2,4,10,43,15
LN2_12_3,4,10,43,16
NMG_21_1,0,4,9,23
NMG_21_3,0,2,19,8
NMG_21_4,2,9,42,19
NMG_21_5,4,10,58,20
NMG_21_6,5,12,43,16
NMG_22_1,3,7,41,16
NMG_22_2,5,11,36,14
NX_14_1,2,9,44,17
NX_14_10,0,2,12,15
NX_14_11,2,9,44,17
NX_14_2,2,9,44,20
NX_14_3,1,4,13,18
NX_14_4,2,8,44,17
NX_14_5,1,9,44,18
NX_14_6,2,9,43,17
NX_14_7,2,9,43,19
NX_14_8,2,9,44,16
NX_14_9,2,5,44,17
NX_15_10,2,8,44,18
NX_15_2,1,9,43,14
NX_15_3,2,9,43,19
NX_15_4,2,8,44,19
NX_15_5,0,3,2,18
NX_15_6,2,9,44,17
NX_15_7,0,3,2,18
NX_15_8,2,9,44,19
NX_15_9,2,9,44,17
NX_16_1,0,2,12,14
NX_16_10,4,10,39,15
NX_16_11,4,10,39,17
NX_16_12,4,10,47,17
NX_16_2,2,9,44,16
NX_16_3,2,9,44,15
NX_16_4,2,9,44,17
NX_16_5,2,9,43,15
NX_16_6,2,9,44,19
NX_16_7,2,9,44,19
NX_16_8,2,9,44,17
NX_17_1,4,10,39,15
NX_17_2,4,11,43,18
NX_17_3,6,13,44,21
NX_17_4,4,10,39,14
NX_17_5,1,4,10,17
NX_17_6,4,10,39,17
NX_17_7,3,9,44,19
NX_18_1,1,3,8,18
NX_18_2,4,10,39,14
NX_18_3,4,10,39,19
NX_19_1,4,10,39,16
NX_19_2,4,13,45,20
NX_19_3,4,10,44,19
NX_19_4,4,10,40,14
NX_20_1,2,9,19,15
NX_20_2,5,13,45,19
NX_20_3,4,10,39,15
QH_11_1,4,12,32,15
QH_12_1,4,13,39,19
SC1_12_1,3,13,49,23
SC1_12_2,4,13,48,23
SC1_12_3,4,13,49,22
SC1_12_4,4,10,28,17
SC2_19_1,3,8,48,18
SC2_20_1,4,10,41,12
SC2_20_2,4,10,41,13
SC2_22_1,5,12,50,19
SC2_22_2,0,3,13,20
SD1_14_1,4,13,40,24
SD1_14_2,2,13,47,22
SD1_14_3,3,12,43,24
SD1_14_4,0,3,29,16
SD1_14_5,3,10,44,21
SD1_15_1,0,3,4,14
SD1_16_1,0,3,33,20
SD1_16_10,0,2,25,4
SD1_16_11,3,13,38,19
SD1_16_2,4,10,39,17
SD1_16_3,4,10,49,19
SD1_16_4,3,10,41,18
SD1_16_5,4,13,40,25
SD1_16_6,4,10,41,18
SD1_16_7,4,13,40,22
SD1_16_8,0,3,31,16
SD1_17_1,3,13,38,18
SD1_17_2,3,7,41,16
SD1_17_3,3,13,38,18
SD1_18_1,3,13,46,17
SD1_18_10,0,3,13,5
SD1_18_11,3,13,39,14
SD1_18_12,4,10,34,15
SD1_18_2,4,13,47,20
SD1_18_3,4,12,38,18
SD1_18_4,3,13,47,18
SD1_18_5,3,13,41,23
SD1_18_6,3,13,37,19
SD1_18_7,4,12,38,17
SD1_18_8,3,13,49,20
SD1_18_9,4,12,38,14
SD1_19_1,4,9,59,18
SD1_19_2,3,13,38,18
SD1_19_3,1,2,28,15
SD1_19_4,4,12,44,16
SD1_19_5,0,5,18,14
SD1_19_6,0,3,17,16
SD1_19_7,0,3,8,15
SD1_19_8,4,10,41,16
SD1_20_1,3,13,53,18
SD1_20_2,0,3,0,7
SD1_20_4,3,13,39,16
SD1_20_5,2,13,41,24
SD1_21_1,0,3,21,19
SD1_21_2,3,7,41,14
SD1_21_3,2,13,43,14
SD1_21_4,2,13,44,19
SD1_21_5,3,10,53,17
SD1_21_6,4,12,48,19
SD1_22_1,5,13,41,19
SD1_22_2,2,13,41,18
SD1_22_3,3,12,33,11
SD1_22_4,1,4,34,19
SD1_22_5,2,13,44,16
SD2_14_1,0,3,23,15
SD2_16_1,0,4,21,32
SD2_17_1,4,10,41,17
SD2_18_1,5,13,43,16
SD2_18_2,3,8,43,17
SD2_19_1,2,7,42,17
SD2_19_2,3,6,43,19
SD2_19_3,5,13,36,21
SD2_19_4,3,9,41,15
SD2_19_5,3,7,42,17
SD2_19_6,3,7,40,17
SD2_19_7,0,3,18,16
SD2_20_1,3,6,43,16
SD2_20_2,3,7,44,17
SD2_20_3,2,6,47,18
SD2_20_4,3,10,52,16
SD2_21_1,4,13,41,19
SD2_21_2,3,6,44,16
SD2_21_3,3,7,43,18
SD2_21_4,3,6,43,25
SD3_19_1,4,10,47,19
SD3_19_2,4,10,47,18
SD3_20_1,0,3,36,17
SD4_19_1,3,5,48,15
SD4_19_2,0,2,21,15
SD4_20_2,4,7,37,13
SD4_21_1,4,12,37,13
SD4_21_2,3,13,37,13
SD4_21_3,3,13,37,14
SD4_21_4,4,12,31,10
SD4_21_6,3,12,31,11
SD4_21_7,3,13,37,15
SD4_22_1,2,8,35,20
SD5_19_1,4,10,41,16
SD5_19_2,3,8,42,20
SD5_20_1,0,3,19,18
SD5_20_2,3,13,41,22
SD5_20_3,4,11,46,18
SD5_20_4,6,13,40,23
SD5_20_5,0,3,10,14
SD5_20_6,0,4,39,14
SD5_21_1,4,10,45,19
SD5_21_2,4,13,41,19
SD5_21_3,0,3,25,15
SD5_21_4,0,4,29,16
SD5_22_1,4,10,46,17
SD5_22_2,1,4,12,17
SD5_22_3,0,3,16,15
SD6_20_1,4,12,37,19
SD6_20_10,3,7,41,16
SD6_20_11,3,9,59,17
SD6_20_12,2,8,41,17
SD6_20_14,3,10,42,21
SD6_20_2,0,4,2,19
SD6_20_3,2,13,44,23
SD6_20_4,3,9,34,14
SD6_20_5,1,9,42,16
SD6_20_6,3,9,46,18
SD6_20_7,3,13,45,21
SD6_20_8,2,6,46,17
SD6_20_9,4,11,39,16
SD6_21_1,3,13,52,26
SD6_21_11,3,10,40,17
SD6_21_12,3,10,59,18
SD6_21_2,4,13,41,24
SD6_21_3,3,9,58,17
SD6_21_4,4,12,63,20
SD6_21_5,4,12,47,21
SD6_21_6,3,12,48,20
SD6_21_7,0,3,31,17
SD6_21_8,0,3,2,21
SD6_22_1,3,12,33,19
SD6_22_10,5,9,43,18
SD6_22_11,5,13,41,21
SD6_22_12,2,8,28,22
SD6_22_13,3,12,51,19
SD6_22_14,3,9,55,16
SD6_22_15,3,9,53,19
SD6_22_16,0,4,30,15
SD6_22_17,0,4,23,20
SD6_22_18,0,2,19,11
SD6_22_19,3,10,51,18
SD6_22_2,3,12,33,17
SD6_22_20,3,12,33,20
SD6_22_21,4,10,45,19
SD6_22_22,3,10,48,20
SD6_22_3,3,13,34,19
SD6_22_4,3,7,46,17
SD6_22_5,4,13,37,19
SD6_22_6,5,10,37,19
SD6_22_7,3,11,40,16
SD6_22_8,0,3,37,41
SD6_22_9,4,10,39,20
SD7_11_1,3,13,46,28
SD8_22_1,3,6,44,16
SHX1_19_1,3,10,48,15
SHX1_21_1,0,3,16,19
SHX1_22_1,3,6,60,17
SHX1_22_2,0,2,30,16
SHX1_22_3,2,10,43,18
SHX2_19_1,5,12,36,20
SHX2_19_2,3,13,36,21
SHX2_19_3,2,8,60,17
SHX2_20_1,3,9,49,17
SHX2_20_10,3,13,37,22
SHX2_20_11,2,8,51,18
SHX2_20_2,4,9,40,17
SHX2_20_3,2,12,34,18
SHX2_20_4,2,8,46,16
SHX2_20_5,3,8,46,18
SHX2_20_6,3,10,46,18
SHX2_20_7,3,10,50,19
SHX2_20_8,0,4,20,21
SHX2_20_9,0,4,7,16
SHX2_21_1,4,9,43,18
SHX2_21_2,4,8,48,16
SHX2_21_3,2,8,59,17
SHX2_22_1,4,12,36,19
SHX3_20_1,4,11,45,15
SHX3_20_2,3,9,43,17
SHX3_20_3,3,9,49,18
SHX3_20_4,4,10,44,18
SHX3_20_5,2,9,42,18
SHX3_20_6,1,3,25,24
SHX3_20_7,2,8,61,17
SHX3_20_8,1,3,3,17
SHX3_21_1,3,9,42,16
SHX3_21_2,3,6,50,16
SHX3_21_4,3,6,50,19
SHX3_21_5,3,13,55,20
SHX3_21_6,4,11,36,20
SHX3_21_7,4,9,48,17
SHX3_21_8,4,9,48,17
SHX3_21_9,4,13,47,23
SHX3_22_1,3,13,47,20
SHX3_22_10,5,12,51,18
SHX3_22_11,3,10,41,17
SHX3_22_12,5,13,38,16
SHX3_22_13,5,12,45,18
SHX3_22_14,4,11,49,15
SHX3_22_15,5,9,44,15
SHX3_22_16,4,9,44,19
SHX3_22_17,4,11,48,17
SHX3_22_18,0,4,37,14
SHX3_22_19,3,10,37,20
SHX3_22_2,4,12,49,18
SHX3_22_20,1,7,9,18
SHX3_22_21,0,6,16,19
SHX3_22_22,3,8,47,20
SHX3_22_23,3,9,47,21
SHX3_22_24,0,3,41,18
SHX3_22_25,4,10,59,20
SHX3_22_26,0,3,22,17
SHX3_22_3,4,12,37,18
SHX3_22_4,3,9,48,21
SHX3_22_5,4,13,44,20
SHX3_22_6,4,10,41,16
SHX3_22_7,3,13,47,20
SHX3_22_8,4,13,44,19
SHX3_22_9,4,9,44,18
SHX4_11_1,5,12,39,25
SX1_12_1,2,10,43,15
SX1_20_1,4,10,56,16
SX1_20_2,2,10,47,16
SX1_20_3,4,10,39,20
SX1_20_4,4,10,44,20
SX1_20_5,3,13,43,16
SX1_20_6,3,7,50,18
SX1_20_7,5,12,43,19
SX1_21_1,5,13,66,26
SX1_21_10,3,13,36,18
SX1_21_2,4,10,41,17
SX1_21_3,3,7,44,18
SX1_21_4,1,3,13,16
SX1_21_5,0,3,14,15
SX1_21_6,4,10,44,20
SX1_21_7,3,9,43,17
SX1_21_8,4,11,41,17
SX1_21_9,5,12,43,20
SX2_18_2,3,13,44,16
XJ1_15_1,4,10,43,18
XJ1_16_1,3,13,46,21
XJ1_16_2,3,13,48,22
XJ1_16_3,3,12,43,25
XJ1_16_4,4,10,47,19
XJ1_16_5,0,3,34,16
XJ1_17_1,4,10,47,17
XJ1_17_2,0,3,17,15
XJ1_17_3,3,10,50,20
XJ1_17_4,0,2,18,14
XJ1_17_5,4,10,47,18
XJ1_18_1,3,12,45,22
XJ1_18_2,3,12,44,22
XJ1_18_4,4,11,38,14
XJ1_18_5,4,11,39,15
XJ2_12_1,1,3,6,22
YN1_17_1,3,8,41,16
YN1_18_1,3,7,34,15
YN1_18_2,3,8,41,17
YN1_18_3,3,13,48,26
YN1_18_4,3,13,47,27
YN1_18_5,3,7,41,16
YN1_18_6,2,7,47,12
YN1_19_1,1,4,29,18
YN1_19_2,4,10,47,17
YN1_20_1,0,4,11,16
YN1_21_1,3,10,41,18
YN1_21_2,3,10,41,15
YN1_21_3,3,8,46,15
YN1_21_4,1,4,42,21
YN1_21_5,3,10,42,16
YN1_22_1,2,4,42,18
YN1_22_2,3,8,40,17
YN2_11_1,3,12,45,22
YN2_11_3,4,12,45,25
YN2_11_4,2,13,42,27
YN2_11_5,4,10,42,20
YN2_12_2,3,12,45,22
YN2_22_1,0,4,16,16
YN2_22_2,0,3,22,20
ZJ1_11_1,2,10,26,24
ZJ1_11_10,4,12,29,21
ZJ1_11_11,2,10,45,32
ZJ1_11_2,5,10,40,19
ZJ1_11_3,1,5,23,19
ZJ1_11_4,2,10,26,23
ZJ1_11_5,1,5,23,14
ZJ1_11_6,2,10,41,17
ZJ1_11_7,4,12,29,20
ZJ1_11_8,1,10,45,25
ZJ1_11_9,1,5,23,15
ZJ1_13_1,3,6,41,14
ZJ1_13_11,2,6,41,17
ZJ1_13_12,2,6,41,15
ZJ1_13_13,2,7,34,13
ZJ1_13_14,1,3,23,12
ZJ1_13_15,1,3,23,11
ZJ1_13_16,3,6,41,16
ZJ1_13_17,2,7,41,16
ZJ1_13_18,3,6,41,15
ZJ1_13_19,3,6,41,15
ZJ1_13_2,3,6,41,17
ZJ1_13_20,3,13,44,19
ZJ1_13_21,3,7,41,16
ZJ1_13_22,3,7,41,17
ZJ1_13_23,4,11,47,21
ZJ1_13_24,2,7,41,16
ZJ1_13_25,3,13,48,19
ZJ1_13_26,2,7,41,15
ZJ1_13_27,4,11,39,21
ZJ1_13_28,1,3,5,18
ZJ1_13_29,2,7,41,17
ZJ1_13_3,3,6,41,16
ZJ1_13_30,2,10,48,21
ZJ1_13_31,3,10,48,20
ZJ1_13_32,2,10,48,19
ZJ1_13_33,3,6,41,16
ZJ1_13_34,1,6,48,18
ZJ1_13_35,1,6,48,19
ZJ1_13_36,2,10,49,23
ZJ1_13_37,2,10,49,23
ZJ1_13_38,1,7,49,17
ZJ1_13_39,3,6,41,17
ZJ1_13_4,3,7,41,17
ZJ1_13_40,1,7,48,17
ZJ1_13_41,2,7,48,19
ZJ1_13_42,1,7,48,19
ZJ1_13_43,2,10,48,19
ZJ1_13_44,3,10,48,21
ZJ1_13_45,3,7,41,16
ZJ1_13_46,0,4,24,19
ZJ1_13_48,3,6,41,15
ZJ1_13_49,1,7,48,19
ZJ1_13_5,3,6,41,17
ZJ1_13_50,3,13,42,21
ZJ1_13_51,3,7,41,16
ZJ1_13_52,1,7,49,21
ZJ1_13_53,3,13,41,19
ZJ1_13_54,1,3,5,16
ZJ1_13_55,1,4,5,19
ZJ1_13_56,4,13,54,16
ZJ1_13_57,1,3,8,22
ZJ1_13_58,3,10,49,19
ZJ1_13_59,3,7,49,18
ZJ1_13_6,3,7,41,17
ZJ1_13_60,3,7,48,18
ZJ1_13_61,2,10,48,18
ZJ1_13_62,4,10,41,16
ZJ1_13_63,1,3,23,15
ZJ1_13_64,5,9,50,17
ZJ1_13_65,3,6,41,16
ZJ1_13_66,4,10,41,17
ZJ1_13_67,0,4,38,23
ZJ1_13_69,1,5,23,14
ZJ1_13_7,3,6,41,17
ZJ1_13_70,2,10,48,19
ZJ1_13_71,3,7,41,17
ZJ1_13_72,4,8,36,13
ZJ1_13_73,4,8,36,16
ZJ1_13_74,3,6,41,15
ZJ1_13_75,3,6,41,15
ZJ1_13_76,3,6,41,16
ZJ1_13_77,3,7,41,16
ZJ1_13_78,3,7,41,18
ZJ1_13_79,4,10,41,17
ZJ1_13_8,1,3,16,13
ZJ1_13_80,4,10,41,16
ZJ1_13_81,3,7,41,17
ZJ1_13_82,4,10,41,16
ZJ1_13_83,3,6,41,16
ZJ1_13_84,3,6,41,17
ZJ1_13_85,4,10,41,18
ZJ1_13_86,3,6,41,15
ZJ1_13_87,3,7,41,16
ZJ1_13_88,4,10,41,16
ZJ1_13_89,3,7,41,15
ZJ1_13_9,1,3,16,13
ZJ1_13_90,4,10,43,18
ZJ1_13_91,4,10,41,17
ZJ1_13_92,3,7,41,17
ZJ1_14_1,3,6,41,15
ZJ1_14_10,3,10,41,18
ZJ1_14_11,3,7,41,17
ZJ1_14_12,3,6,41,16
ZJ1_14_13,2,10,46,23
ZJ1_14_14,3,6,41,15
ZJ1_14_15,4,10,41,16
ZJ1_14_16,4,10,41,18
ZJ1_14_17,5,10,45,17
ZJ1_14_18,5,8,35,17
ZJ1_14_19,3,6,41,15
ZJ1_14_2,3,7,41,17
ZJ1_14_20,3,6,41,15
ZJ1_14_21,4,8,45,17
ZJ1_14_22,3,7,41,15
ZJ1_14_23,4,10,41,17
ZJ1_14_24,2,10,26,19
ZJ1_14_26,4,12,46,23
ZJ1_14_27,2,10,26,17
ZJ1_14_28,2,12,27,17
ZJ1_14_29,3,6,41,16
ZJ1_14_3,3,6,41,17
ZJ1_14_30,3,6,41,16
ZJ1_14_31,3,6,41,16
ZJ1_14_32,2,6,41,17
ZJ1_14_33,3,6,40,16
ZJ1_14_34,4,9,46,17
ZJ1_14_35,3,10,50,21
ZJ1_14_36,3,12,24,19
ZJ1_14_37,3,7,41,17
ZJ1_14_39,2,10,26,19
ZJ1_14_4,4,7,33,13
ZJ1_14_40,2,10,26,19
ZJ1_14_41,3,6,41,18
ZJ1_14_42,4,10,41,16
ZJ1_14_43,3,8,40,15
ZJ1_14_44,2,6,41,18
ZJ1_14_45,3,10,41,18
ZJ1_14_46,2,10,26,18
ZJ1_14_47,4,10,41,15
ZJ1_14_48,2,7,41,16
ZJ1_14_49,2,6,50,17
ZJ1_14_5,3,6,41,17
ZJ1_14_50,3,6,46,16
ZJ1_14_51,3,10,41,16
ZJ1_14_52,3,10,41,19
ZJ1_14_53,3,7,41,18
ZJ1_14_54,3,6,41,17
ZJ1_14_55,2,6,41,16
ZJ1_14_56,2,6,41,16
ZJ1_14_57,3,6,45,15
ZJ1_14_58,3,10,41,18
ZJ1_14_59,2,7,41,19
ZJ1_14_6,5,10,41,17
ZJ1_14_60,2,6,41,16
ZJ1_14_61,2,7,41,18
ZJ1_14_62,1,3,23,11
ZJ1_14_63,5,10,47,19
ZJ1_14_64,3,7,41,16
ZJ1_14_65,3,10,41,18
ZJ1_14_66,0,4,29,26
ZJ1_14_67,4,10,40,17
ZJ1_14_68,3,10,41,16
ZJ1_14_69,3,7,43,25
ZJ1_14_7,5,10,41,20
ZJ1_14_70,4,10,41,15
ZJ1_14_71,1,3,23,8
ZJ1_14_72,0,3,22,13
ZJ1_14_73,2,7,41,16
ZJ1_14_74,2,7,47,19
ZJ1_14_75,3,7,41,17
ZJ1_14_76,2,10,26,18
ZJ1_14_77,3,10,41,16
ZJ1_14_78,1,4,50,15
ZJ1_14_79,3,9,46,30
ZJ1_14_8,4,10,41,19
ZJ1_14_80,4,10,41,19
ZJ1_14_81,1,4,50,17
ZJ1_14_82,3,7,41,17
ZJ1_14_83,0,4,1,13
ZJ1_14_84,3,10,59,17
ZJ1_14_85,3,8,40,14
ZJ1_14_86,3,9,40,16
ZJ1_14_9,4,10,41,16
ZJ1_15_1,4,10,46,19
ZJ1_15_10,4,10,46,20
ZJ1_15_100,4,12,45,17
ZJ1_15_11,4,10,47,18
ZJ1_15_12,3,12,39,17
ZJ1_15_13,2,4,50,14
ZJ1_15_14,2,10,26,18
ZJ1_15_15,2,4,50,16
ZJ1_15_16,2,4,49,17
ZJ1_15_17,4,10,48,18
ZJ1_15_18,4,13,45,23
ZJ1_15_19,3,10,43,18
ZJ1_15_2,2,4,50,14
ZJ1_15_20,6,10,47,22
ZJ1_15_21,2,10,43,21
ZJ1_15_22,1,7,43,14
ZJ1_15_23,4,10,47,20
ZJ1_15_24,4,10,47,19
ZJ1_15_25,2,10,43,19
ZJ1_15_26,4,10,46,21
ZJ1_15_27,4,10,47,23
ZJ1_15_28,3,8,39,15
ZJ1_15_29,4,10,47,22
ZJ1_15_3,6,10,44,20
ZJ1_15_30,4,10,47,20
ZJ1_15_31,4,10,47,21
ZJ1_15_32,4,10,41,18
ZJ1_15_33,4,10,41,18
ZJ1_15_34,2,10,26,18
ZJ1_15_35,3,7,19,12
ZJ1_15_36,4,10,41,19
ZJ1_15_37,3,7,19,12
ZJ1_15_38,4,10,40,16
ZJ1_15_39,3,10,48,19
ZJ1_15_4,4,10,48,20
ZJ1_15_40,4,10,41,17
ZJ1_15_41,4,10,60,17
ZJ1_15_42,3,10,48,17
ZJ1_15_43,4,10,60,19
ZJ1_15_44,4,10,47,20
ZJ1_15_45,2,4,53,22
ZJ1_15_46,4,10,60,18
ZJ1_15_47,1,5,23,15
ZJ1_15_48,1,5,23,11
ZJ1_15_49,2,10,26,16
ZJ1_15_5,3,12,56,23
ZJ1_15_50,2,10,42,21
ZJ1_15_51,3,10,47,17
ZJ1_15_52,4,10,47,21
ZJ1_15_53,3,10,26,17
ZJ1_15_54,3,10,26,18
ZJ1_15_55,2,10,26,18
ZJ1_15_56,0,3,29,17
ZJ1_15_57,3,10,47,19
ZJ1_15_58,4,10,47,19
ZJ1_15_59,2,10,49,21
ZJ1_15_6,3,10,46,19
ZJ1_15_61,4,10,47,21
ZJ1_15_62,2,10,43,17
ZJ1_15_63,1,5,45,15
ZJ1_15_64,4,9,47,18
ZJ1_15_65,0,3,2,17
ZJ1_15_66,4,10,47,18
ZJ1_15_67,4,9,28,16
ZJ1_15_68,5,9,28,16
ZJ1_15_69,3,12,27,18
ZJ1_15_7,3,10,47,18
ZJ1_15_70,3,6,41,16
ZJ1_15_71,4,10,47,20
ZJ1_15_72,4,10,47,21
ZJ1_15_73,0,3,29,18
ZJ1_15_74,3,12,27,17
ZJ1_15_75,0,2,26,15
ZJ1_15_76,3,13,41,19
ZJ1_15_77,3,13,41,19
ZJ1_15_78,4,12,27,17
ZJ1_15_79,2,10,26,19
ZJ1_15_8,1,6,26,15
ZJ1_15_80,3,10,41,18
ZJ1_15_81,4,7,33,14
ZJ1_15_82,4,8,33,16
ZJ1_15_83,2,7,46,25
ZJ1_15_84,5,12,46,19
ZJ1_15_85,2,7,46,21
ZJ1_15_86,2,7,46,22
ZJ1_15_87,2,10,26,20
ZJ1_15_88,2,10,26,20
ZJ1_15_89,3,7,41,16
ZJ1_15_9,4,10,46,18
ZJ1_15_90,3,7,41,15
ZJ1_15_91,4,7,42,16
ZJ1_15_92,3,7,45,17
ZJ1_15_93,3,10,41,17
ZJ1_15_94,2,10,26,18
ZJ1_15_95,3,7,45,15
ZJ1_15_96,0,4,8,14
ZJ1_15_97,5,12,46,17
ZJ1_15_98,1,7,26,16
ZJ1_15_99,2,10,26,18
ZJ1_16_1,4,10,47,18
ZJ1_16_10,3,6,41,15
ZJ1_16_11,0,4,11,24
ZJ1_16_12,4,10,41,17
ZJ1_16_13,4,10,44,20
ZJ1_16_14,2,9,41,17
ZJ1_16_15,3,6,41,17
ZJ1_16_16,2,7,41,15
ZJ1_16_17,3,11,45,21
ZJ1_16_18,3,6,41,18
ZJ1_16_19,3,10,49,19
ZJ1_16_2,1,4,47,17
ZJ1_16_20,4,11,29,16
ZJ1_16_21,0,3,0,13
ZJ1_16_22,4,12,46,17
ZJ1_16_23,2,10,43,20
ZJ1_16_24,5,12,46,19
ZJ1_16_25,1,7,43,18
ZJ1_16_26,5,10,41,19
ZJ1_16_27,4,10,41,16
ZJ1_16_28,2,10,43,18
ZJ1_16_29,4,10,42,15
ZJ1_16_3,2,9,41,16
ZJ1_16_30,5,10,42,14
ZJ1_16_31,4,10,47,10
ZJ1_16_32,2,10,43,16
ZJ1_16_33,3,10,47,18
ZJ1_16_34,2,10,43,21
ZJ1_16_35,2,10,43,18
ZJ1_16_37,4,10,41,19
ZJ1_16_38,3,5,41,16
ZJ1_16_39,3,10,47,17
ZJ1_16_4,2,9,41,15
ZJ1_16_40,3,7,41,16
ZJ1_16_41,2,11,26,19
ZJ1_16_42,0,3,35,23
ZJ1_16_43,2,10,42,15
ZJ1_16_44,2,6,41,18
ZJ1_16_45,4,10,47,21
ZJ1_16_46,0,2,22,15
ZJ1_16_47,2,10,26,15
ZJ1_16_5,2,9,41,18
ZJ1_16_6,2,9,41,17
ZJ1_16_7,4,10,47,20
ZJ1_16_8,3,6,44,16
ZJ1_16_9,4,10,47,18
ZJ1_17_1,4,10,46,19
ZJ1_17_10,2,11,31,18
ZJ1_17_11,1,10,26,16
ZJ1_17_12,4,10,46,19
ZJ1_17_13,4,10,47,21
ZJ1_17_14,4,10,47,23
ZJ1_17_15,2,7,37,16
ZJ1_17_16,2,6,39,14
ZJ1_17_17,3,6,40,15
ZJ1_17_18,4,10,24,25
ZJ1_17_19,4,10,47,22
ZJ1_17_2,3,10,47,19
ZJ1_17_20,4,10,47,19
ZJ1_17_21,0,3,14,11
ZJ1_17_22,2,7,47,17
ZJ1_17_23,3,7,47,18
ZJ1_17_24,2,9,47,16
ZJ1_17_25,2,7,41,16
ZJ1_17_26,2,6,41,18
ZJ1_17_27,4,10,47,18
ZJ1_17_28,4,10,41,16
ZJ1_17_29,0,3,3,22
ZJ1_17_3,4,10,46,21
ZJ1_17_30,0,3,22,17
ZJ1_17_31,3,8,25,17
ZJ1_17_32,3,8,25,18
ZJ1_17_33,4,10,41,16
ZJ1_17_34,3,10,26,19
ZJ1_17_35,3,8,25,18
ZJ1_17_36,2,10,26,16
ZJ1_17_37,5,13,46,26
ZJ1_17_38,4,10,37,23
ZJ1_17_39,2,10,26,16
ZJ1_17_4,4,10,47,20
ZJ1_17_40,3,14,48,24
ZJ1_17_41,5,13,47,21
ZJ1_17_42,4,13,47,19
ZJ1_17_43,3,9,47,19
ZJ1_17_44,4,11,47,21
ZJ1_17_5,2,6,41,19
ZJ1_17_6,2,7,41,17
ZJ1_17_7,2,6,41,17
ZJ1_17_8,2,7,41,18
ZJ1_17_9,2,6,41,17
ZJ1_18_10,1,5,21,12
ZJ1_18_11,1,6,49,19
ZJ1_18_12,1,6,49,17
ZJ1_18_13,4,13,46,19
ZJ1_18_14,1,6,46,15
ZJ1_18_15,2,6,41,17
ZJ1_18_16,4,10,47,17
ZJ1_18_17,4,10,47,17
ZJ1_18_18,3,6,8,13
ZJ1_18_19,3,6,8,15
ZJ1_18_2,4,13,47,20
ZJ1_18_20,2,7,50,18
ZJ1_18_21,1,4,41,17
ZJ1_18_22,3,9,41,15
ZJ1_18_23,4,10,46,19
ZJ1_18_24,4,10,47,17
ZJ1_18_25,4,10,46,16
ZJ1_18_26,4,10,46,18
ZJ1_18_27,4,10,47,19
ZJ1_18_28,4,10,47,16
ZJ1_18_29,3,10,40,15
ZJ1_18_3,3,7,49,21
ZJ1_18_30,4,10,46,17
ZJ1_18_31,0,3,27,17
ZJ1_18_32,1,7,50,17
ZJ1_18_33,0,4,51,17
ZJ1_18_34,0,3,29,13
ZJ1_18_35,0,3,44,23
ZJ1_18_36,3,6,8,11
ZJ1_18_4,3,10,19,19
ZJ1_18_5,1,6,54,21
ZJ1_18_6,1,4,53,18
ZJ1_18_7,5,13,47,21
ZJ1_18_8,3,9,41,16
ZJ1_19_1,4,12,49,20
ZJ1_19_10,1,7,37,15
ZJ1_19_11,2,9,41,18
ZJ1_19_12,3,9,50,17
ZJ1_19_13,3,9,41,16
ZJ1_19_14,4,9,41,18
ZJ1_19_15,2,8,62,20
ZJ1_19_16,4,12,45,19
ZJ1_19_17,4,12,44,18
ZJ1_19_18,4,9,38,24
ZJ1_19_19,1,7,33,24
ZJ1_19_20,1,8,49,16
ZJ1_19_21,2,7,42,18
ZJ1_19_22,2,7,42,17
ZJ1_19_23,3,10,50,18
ZJ1_19_24,4,10,45,14
ZJ1_19_25,4,10,45,14
ZJ1_19_26,0,2,23,10
ZJ1_19_27,3,9,53,18
ZJ1_19_28,4,10,45,15
ZJ1_19_3,3,9,41,17
ZJ1_19_4,3,11,65,19
ZJ1_19_5,2,6,41,15
ZJ1_19_6,2,7,41,15
ZJ1_19_7,3,6,41,15
ZJ1_19_8,3,9,41,17
ZJ1_19_9,1,7,37,14
ZJ1_20_1,4,10,46,15
ZJ1_20_10,2,8,47,16
ZJ1_20_11,2,8,36,14
ZJ1_20_12,2,8,36,14
ZJ1_20_13,3,7,46,13
ZJ1_20_14,4,10,59,16
ZJ1_20_15,4,11,59,16
ZJ1_20_16,2,6,41,17
ZJ1_20_17,3,10,58,16
ZJ1_20_2,2,6,41,15
ZJ1_20_3,2,6,41,17
ZJ1_20_4,2,7,41,16
ZJ1_20_5,3,10,47,18
ZJ1_20_6,1,6,37,14
ZJ1_20_7,3,12,62,21
ZJ1_20_9,2,7,47,17
ZJ1_21_1,2,6,47,19
ZJ1_21_10,2,6,41,15
ZJ1_21_11,4,13,38,18
ZJ1_21_12,3,11,56,20
ZJ1_21_13,2,6,52,17
ZJ1_21_14,2,7,52,17
ZJ1_21_16,3,10,47,18
ZJ1_21_17,2,6,52,17
ZJ1_21_18,0,4,35,13
ZJ1_21_19,3,13,44,18
ZJ1_21_2,2,7,47,18
ZJ1_21_20,3,10,46,10
ZJ1_21_3,2,7,47,18
ZJ1_21_4,1,7,50,18
ZJ1_21_5,3,10,44,15
ZJ1_21_6,0,4,35,26
ZJ1_21_7,2,6,47,18
ZJ1_21_8,4,10,46,16
ZJ1_21_9,2,6,41,16
ZJ1_22_1,3,10,60,21
ZJ1_22_10,3,9,45,20
ZJ1_22_11,4,10,60,19
ZJ1_22_12,3,6,41,16
ZJ1_22_13,1,4,66,17
ZJ1_22_14,3,6,45,15
ZJ1_22_15,2,9,60,19
ZJ1_22_16,3,10,51,20
ZJ1_22_17,2,5,50,17
ZJ1_22_18,2,6,59,18
ZJ1_22_19,3,10,48,15
ZJ1_22_2,1,4,58,18
ZJ1_22_20,0,4,15,21
ZJ1_22_21,2,4,50,17
ZJ1_22_22,3,7,47,16
ZJ1_22_23,2,8,47,18
ZJ1_22_24,2,9,47,16
ZJ1_22_25,0,3,11,16
ZJ1_22_26,4,10,57,20
ZJ1_22_27,4,9,37,19
ZJ1_22_28,0,3,12,20
ZJ1_22_29,4,10,54,20
ZJ1_22_3,3,6,41,20
ZJ1_22_30,3,11,46,18
ZJ1_22_31,0,4,8,24
ZJ1_22_32,3,10,44,18
ZJ1_22_33,2,9,44,17
ZJ1_22_34,2,9,47,19
ZJ1_22_4,3,10,60,20
ZJ1_22_5,3,10,60,18
ZJ1_22_6,5,13,42,20
ZJ1_22_7,2,6,59,20
ZJ1_22_8,2,6,36,15
ZJ1_22_9,3,6,41,17
ZJ2_20_1,0,3,0,13
ZJ2_22_1,1,3,14,15
ZJ3_14_1,1,5,29,10
ZJ3_14_2,1,5,29,10
ZJ3_14_3,2,10,47,18
ZJ3_14_4,0,3,42,15
ZJ3_14_5,3,10,41,14
ZJ3_14_6,3,10,41,15
ZJ3_15_1,4,13,40,22
ZJ3_15_10,2,10,26,17
ZJ3_15_11,4,9,43,20
ZJ3_15_12,2,10,43,20
ZJ3_15_13,0,2,20,10
ZJ3_15_2,3,10,40,23
ZJ3_15_3,3,10,40,16
ZJ3_15_4,4,13,47,19
ZJ3_15_5,3,10,40,15
ZJ3_15_6,5,12,48,17
ZJ3_15_7,4,10,41,14
ZJ3_15_8,3,11,47,16
ZJ3_15_9,3,10,26,16
ZJ3_16_1,5,13,44,19
ZJ3_16_2,2,10,26,17
ZJ3_16_3,4,10,47,16
ZJ3_16_4,0,4,36,20
ZJ3_16_5,4,10,41,15
ZJ3_16_6,0,4,21,29
ZJ3_16_7,2,10,26,16
ZJ3_16_8,2,10,26,17
ZJ3_17_1,0,2,19,8
ZJ3_17_2,4,10,46,17
ZJ3_17_3,2,10,26,19
ZJ3_17_4,2,10,26,18
ZJ3_17_5,4,10,47,17
ZJ3_17_6,4,10,47,18
ZJ3_18_1,1,6,26,17
ZJ3_18_10,0,3,14,19
ZJ3_18_11,0,4,52,18
ZJ3_18_12,4,9,40,15
ZJ3_18_13,0,3,8,22
ZJ3_18_14,0,3,21,21
ZJ3_18_2,3,10,47,18
ZJ3_18_3,0,4,30,13
ZJ3_18_4,4,10,46,17
ZJ3_18_5,2,10,26,14
ZJ3_18_6,0,3,14,18
ZJ3_18_7,0,4,14,18
ZJ3_18_8,0,3,10,9
ZJ3_18_9,2,10,26,16
ZJ3_19_1,3,11,45,17
ZJ3_19_2,4,12,47,18
ZJ3_19_3,0,2,25,11
ZJ3_19_4,3,6,0,15
ZJ3_19_5,0,6,25,20
ZJ3_19_6,0,2,18,17
ZJ3_19_7,2,10,46,21
ZJ3_20_1,6,13,62,19
ZJ3_20_2,2,10,26,17
ZJ3_20_3,2,6,46,18
ZJ3_20_4,0,3,5,20
ZJ3_20_5,2,6,46,18
ZJ3_20_6,1,4,49,16
ZJ3_20_7,0,3,12,20
ZJ3_21_1,0,2,35,17
ZJ3_21_10,3,9,41,20
ZJ3_21_11,4,10,59,54
ZJ3_21_12,3,10,52,19
ZJ3_21_13,4,10,41,19
ZJ3_21_14,1,4,50,16
ZJ3_21_2,4,10,47,18
ZJ3_21_3,4,10,47,19
ZJ3_21_4,4,9,47,16
ZJ3_21_5,3,12,43,18
ZJ3_21_6,3,12,46,16
ZJ3_21_7,1,7,64,18
ZJ3_21_8,2,7,64,21
ZJ3_21_9,3,10,41,18
ZJ3_22_1,2,3,50,15
ZJ3_22_2,4,10,59,17
ZJ3_22_3,4,10,41,17
ZJ3_22_4,0,3,22,22
ZJ3_22_5,1,4,49,18
ZJ3_22_6,3,7,41,16
ZJ3_22_7,3,9,59,17
ZJ3_22_8,4,10,59,18
ZJ4_14_1,4,12,48,18
ZJ4_14_2,4,12,47,19
ZJ4_14_3,0,4,15,19
ZJ4_15_1,3,6,41,15
ZJ4_15_2,3,6,41,13
ZJ4_16_1,1,6,44,16
ZJ4_16_2,3,7,40,16
ZJ4_16_3,4,10,41,16
ZJ4_18_1,4,12,49,16
ZJ4_19_1,1,3,19,21
ZJ4_19_2,5,12,37,18
ZJ4_19_3,0,4,42,20
ZJ4_19_4,0,3,15,18
ZJ4_19_5,4,6,47,17
ZJ4_19_6,4,10,47,18
ZJ4_20_1,4,10,46,19
ZJ4_20_2,3,10,46,18
ZJ4_20_3,3,10,47,19
ZJ4_20_4,3,10,47,17
ZJ4_21_1,3,10,46,17
ZJ4_21_2,4,10,47,16
ZJ4_21_3,3,10,46,19
ZJ4_21_4,4,13,46,17
ZJ4_21_5,0,2,14,6
ZJ4_21_6,3,9,58,15
ZJ4_21_8,3,10,56,17
ZJ4_22_1,3,10,57,15
ZJ4_22_10,3,10,41,20
ZJ4_22_11,3,9,55,17
ZJ4_22_2,0,2,29,15
ZJ4_22_3,3,9,46,17
ZJ4_22_4,3,8,44,16
ZJ4_22_5,3,8,44,17
ZJ4_22_6,3,9,57,18
ZJ4_22_7,4,12,49,17
ZJ4_22_8,3,13,49,17
ZJ4_22_9,0,4,11,25
ZJ5_17_1,1,6,26,12
ZJ5_17_2,1,6,26,15
ZJ5_18_1,3,8,45,18
ZJ5_18_2,2,9,46,18
ZJ5_18_3,2,10,37,17
ZJ5_18_4,2,9,47,18
ZJ5_18_5,7,13,46,19
ZJ5_18_6,7,13,46,21
ZJ5_19_1,4,10,48,25
ZJ5_19_2,2,10,46,20
ZJ5_19_3,2,6,49,18
ZJ5_19_4,3,10,40,16
ZJ5_19_5,2,9,41,16
ZJ5_19_6,2,4,48,17
ZJ5_20_1,1,4,50,16
ZJ5_20_2,0,2,30,8
ZJ5_20_3,1,3,13,18
ZJ5_21_1,1,9,26,16
ZJ5_21_10,2,7,51,14
ZJ5_21_2,0,3,10,18
ZJ5_21_3,2,4,41,19
ZJ5_21_4,2,6,47,18
ZJ5_21_5,2,7,53,14
ZJ5_21_6,0,2,5,10
ZJ5_21_7,0,3,38,14
ZJ5_21_8,2,7,45,13
ZJ5_21_9,2,7,52,14
ZJ5_22_1,2,7,49,12
ZJ5_22_10,2,7,46,13
ZJ5_22_2,0,3,17,14
ZJ5_22_3,1,3,15,18
ZJ5_22_4,3,9,59,18
ZJ5_22_5,5,11,25,17
ZJ5_22_6,3,5,46,19
ZJ5_22_7,1,6,54,18
ZJ5_22_8,2,4,45,14
ZJ5_22_9,4,11,51,20
ZJ6_21_1,1,4,50,17
ZJ7_15_1,1,7,26,14
ZJ7_17_1,0,3,5,16
ZJ7_18_1,4,10,46,17
ZJ7_21_1,0,3,8,20
ZJ7_21_2,4,13,56,17
ZJ7_22_1,0,2,19,9
ZJ8_11_1,3,12,46,20
ZJ8_11_2,2,7,31,19
ZJ8_11_3,3,12,42,19
ZJ8_11_4,2,7,31,22
ZJ8_12_1,3,10,41,23
